"Date Printed: Thursday, January 1, 2026 7:29:20 PM"
Title: "Chlamydia | 2000 | 2001 | 2002 | 2003 | 2004 | 2005 | 2006 | 2007 | 2008 | 2009 | 2010 | 2011 | 2012 | 2013 | 2014 | 2015 | 2016 | 2017 | 2018 | 2019 | 2020 (COVID-19 Pandemic) | 2021 | 2022 | 2023 | Alabama | Alaska | Arizona | Arkansas | California | Colorado | Connecticut | Delaware | District of Columbia | Florida | Georgia | Hawaii | Idaho | Illinois | Indiana | Iowa | Kansas | Kentucky | Louisiana | Maine | Maryland | Massachusetts | Michigan | Minnesota | Mississippi | Missouri | Montana | Nebraska | Nevada | New Hampshire | New Jersey | New Mexico | New York | North Carolina | North Dakota | Ohio | Oklahoma | Oregon | Pennsylvania | Rhode Island | South Carolina | South Dakota | Tennessee | Texas | Utah | Vermont | Virginia | Washington | West Virginia | Wisconsin | Wyoming | All races/ethnicities | Both sexes | All age groups | All transmission categories""
Footnote(s): 
   NA - Not Applicable.



Indicator,Year,Geography,FIPS,Cases,Rate per 100000
"Chlamydia","2000","Alabama","01","15,323","344.2"
"Chlamydia","2001","Alabama","01","14,524","325.4"
"Chlamydia","2002","Alabama","01","15,611","349.1"
"Chlamydia","2003","Alabama","01","14,209","316.5"
"Chlamydia","2004","Alabama","01","13,314","295.2"
"Chlamydia","2005","Alabama","01","17,109","376.6"
"Chlamydia","2006","Alabama","01","22,915","498.7"
"Chlamydia","2007","Alabama","01","25,153","542.8"
"Chlamydia","2008","Alabama","01","24,760","529.8"
"Chlamydia","2009","Alabama","01","25,929","550.8"
"Chlamydia","2010","Alabama","01","27,041","565.1"
"Chlamydia","2011","Alabama","01","29,626","617.3"
"Chlamydia","2012","Alabama","01","30,621","635.9"
"Chlamydia","2013","Alabama","01","29,464","610.0"
"Chlamydia","2014","Alabama","01","29,010","599.2"
"Chlamydia","2015","Alabama","01","26,359","543.2"
"Chlamydia","2016","Alabama","01","26,901","553.1"
"Chlamydia","2017","Alabama","01","29,935","614.1"
"Chlamydia","2018","Alabama","01","28,437","581.8"
"Chlamydia","2019","Alabama","01","31,228","636.9"
"Chlamydia","2020 (COVID-19 Pandemic)","Alabama","01","27,075","538.9"
"Chlamydia","2021","Alabama","01","31,507","625.2"
"Chlamydia","2022","Alabama","01","31,060","612.1"
"Chlamydia","2023","Alabama","01","33,261","651.1"
"Chlamydia","2000","Alaska","02","2,569","409.2"
"Chlamydia","2001","Alaska","02","2,744","433.1"
"Chlamydia","2002","Alaska","02","3,806","592.9"
"Chlamydia","2003","Alaska","02","3,900","602.2"
"Chlamydia","2004","Alaska","02","3,954","599.7"
"Chlamydia","2005","Alaska","02","4,355","652.8"
"Chlamydia","2006","Alaska","02","4,525","670.1"
"Chlamydia","2007","Alaska","02","4,911","722.3"
"Chlamydia","2008","Alaska","02","4,861","709.1"
"Chlamydia","2009","Alaska","02","5,166","743.6"
"Chlamydia","2010","Alaska","02","6,019","843.1"
"Chlamydia","2011","Alaska","02","5,739","794.7"
"Chlamydia","2012","Alaska","02","5,462","747.8"
"Chlamydia","2013","Alaska","02","5,774","783.4"
"Chlamydia","2014","Alaska","02","5,789","786.2"
"Chlamydia","2015","Alaska","02","5,660","767.5"
"Chlamydia","2016","Alaska","02","5,698","768.5"
"Chlamydia","2017","Alaska","02","5,934","802.2"
"Chlamydia","2018","Alaska","02","6,159","837.8"
"Chlamydia","2019","Alaska","02","6,254","854.9"
"Chlamydia","2020 (COVID-19 Pandemic)","Alaska","02","5,090","694.0"
"Chlamydia","2021","Alaska","02","5,571","760.4"
"Chlamydia","2022","Alaska","02","5,338","727.7"
"Chlamydia","2023","Alaska","02","5,117","697.7"
"Chlamydia","2000","Arizona","04","12,612","244.1"
"Chlamydia","2001","Arizona","04","14,354","270.6"
"Chlamydia","2002","Arizona","04","14,921","273.7"
"Chlamydia","2003","Arizona","04","12,819","229.3"
"Chlamydia","2004","Arizona","04","16,786","291.5"
"Chlamydia","2005","Arizona","04","21,264","355.9"
"Chlamydia","2006","Arizona","04","24,090","389.1"
"Chlamydia","2007","Arizona","04","24,866","391.0"
"Chlamydia","2008","Arizona","04","24,769","381.1"
"Chlamydia","2009","Arizona","04","26,002","394.7"
"Chlamydia","2010","Arizona","04","26,861","419.2"
"Chlamydia","2011","Arizona","04","29,251","451.9"
"Chlamydia","2012","Arizona","04","30,444","464.4"
"Chlamydia","2013","Arizona","04","30,564","460.8"
"Chlamydia","2014","Arizona","04","32,397","481.4"
"Chlamydia","2015","Arizona","04","32,387","474.2"
"Chlamydia","2016","Arizona","04","34,923","503.1"
"Chlamydia","2017","Arizona","04","39,598","562.2"
"Chlamydia","2018","Arizona","04","40,807","570.1"
"Chlamydia","2019","Arizona","04","43,058","591.6"
"Chlamydia","2020 (COVID-19 Pandemic)","Arizona","04","37,289","521.4"
"Chlamydia","2021","Arizona","04","41,498","570.3"
"Chlamydia","2022","Arizona","04","40,796","554.4"
"Chlamydia","2023","Arizona","04","41,058","552.5"
"Chlamydia","2000","Arkansas","05","6,219","232.2"
"Chlamydia","2001","Arkansas","05","7,280","270.6"
"Chlamydia","2002","Arkansas","05","7,312","270.4"
"Chlamydia","2003","Arkansas","05","7,856","288.5"
"Chlamydia","2004","Arkansas","05","7,864","286.4"
"Chlamydia","2005","Arkansas","05","8,507","306.4"
"Chlamydia","2006","Arkansas","05","8,259","293.4"
"Chlamydia","2007","Arkansas","05","9,954","350.3"
"Chlamydia","2008","Arkansas","05","14,136","493.0"
"Chlamydia","2009","Arkansas","05","14,354","497.1"
"Chlamydia","2010","Arkansas","05","15,424","527.9"
"Chlamydia","2011","Arkansas","05","16,052","545.9"
"Chlamydia","2012","Arkansas","05","16,611","562.7"
"Chlamydia","2013","Arkansas","05","15,447","522.0"
"Chlamydia","2014","Arkansas","05","15,605","525.9"
"Chlamydia","2015","Arkansas","05","16,166","542.8"
"Chlamydia","2016","Arkansas","05","16,737","559.8"
"Chlamydia","2017","Arkansas","05","17,320","577.1"
"Chlamydia","2018","Arkansas","05","17,663","586.9"
"Chlamydia","2019","Arkansas","05","17,196","569.8"
"Chlamydia","2020 (COVID-19 Pandemic)","Arkansas","05","16,053","533.1"
"Chlamydia","2021","Arkansas","05","17,936","592.8"
"Chlamydia","2022","Arkansas","05","17,918","588.3"
"Chlamydia","2023","Arkansas","05","17,781","579.6"
"Chlamydia","2000","California","06","95,316","280.4"
"Chlamydia","2001","California","06","101,915","295.6"
"Chlamydia","2002","California","06","110,288","316.3"
"Chlamydia","2003","California","06","117,428","333.3"
"Chlamydia","2004","California","06","122,197","343.8"
"Chlamydia","2005","California","06","130,716","365.4"
"Chlamydia","2006","California","06","135,827","377.8"
"Chlamydia","2007","California","06","141,928","392.2"
"Chlamydia","2008","California","06","148,798","407.2"
"Chlamydia","2009","California","06","146,796","398.0"
"Chlamydia","2010","California","06","150,443","403.1"
"Chlamydia","2011","California","06","166,773","443.1"
"Chlamydia","2012","California","06","167,695","441.9"
"Chlamydia","2013","California","06","167,346","437.4"
"Chlamydia","2014","California","06","176,308","456.8"
"Chlamydia","2015","California","06","189,170","486.1"
"Chlamydia","2016","California","06","198,155","505.9"
"Chlamydia","2017","California","06","218,785","555.9"
"Chlamydia","2018","California","06","231,415","586.4"
"Chlamydia","2019","California","06","236,719","599.1"
"Chlamydia","2020 (COVID-19 Pandemic)","California","06","178,679","451.9"
"Chlamydia","2021","California","06","191,542","488.2"
"Chlamydia","2022","California","06","192,647","493.6"
"Chlamydia","2023","California","06","191,357","491.1"
"Chlamydia","2000","Colorado","08","12,000","277.2"
"Chlamydia","2001","Colorado","08","13,239","298.7"
"Chlamydia","2002","Colorado","08","14,028","311.5"
"Chlamydia","2003","Colorado","08","13,039","286.8"
"Chlamydia","2004","Colorado","08","14,151","307.9"
"Chlamydia","2005","Colorado","08","15,432","331.5"
"Chlamydia","2006","Colorado","08","16,313","343.6"
"Chlamydia","2007","Colorado","08","17,186","355.3"
"Chlamydia","2008","Colorado","08","19,180","389.2"
"Chlamydia","2009","Colorado","08","19,998","398.8"
"Chlamydia","2010","Colorado","08","19,447","385.3"
"Chlamydia","2011","Colorado","08","21,811","425.9"
"Chlamydia","2012","Colorado","08","21,631","416.6"
"Chlamydia","2013","Colorado","08","20,386","386.9"
"Chlamydia","2014","Colorado","08","21,863","408.6"
"Chlamydia","2015","Colorado","08","23,857","437.7"
"Chlamydia","2016","Colorado","08","25,569","461.6"
"Chlamydia","2017","Colorado","08","26,995","481.0"
"Chlamydia","2018","Colorado","08","29,124","511.7"
"Chlamydia","2019","Colorado","08","29,821","517.8"
"Chlamydia","2020 (COVID-19 Pandemic)","Colorado","08","26,137","452.7"
"Chlamydia","2021","Colorado","08","26,747","460.2"
"Chlamydia","2022","Colorado","08","26,646","456.3"
"Chlamydia","2023","Colorado","08","25,571","435.1"
"Chlamydia","2000","Connecticut","09","7,604","222.9"
"Chlamydia","2001","Connecticut","09","7,718","225.1"
"Chlamydia","2002","Connecticut","09","9,808","284.4"
"Chlamydia","2003","Connecticut","09","9,393","270.8"
"Chlamydia","2004","Connecticut","09","9,552","274.9"
"Chlamydia","2005","Connecticut","09","11,039","317.5"
"Chlamydia","2006","Connecticut","09","10,946","314.1"
"Chlamydia","2007","Connecticut","09","11,454","328.4"
"Chlamydia","2008","Connecticut","09","12,519","357.4"
"Chlamydia","2009","Connecticut","09","12,127","345.0"
"Chlamydia","2010","Connecticut","09","12,649","353.4"
"Chlamydia","2011","Connecticut","09","13,649","380.4"
"Chlamydia","2012","Connecticut","09","13,065","363.5"
"Chlamydia","2013","Connecticut","09","12,775","355.4"
"Chlamydia","2014","Connecticut","09","13,382","372.3"
"Chlamydia","2015","Connecticut","09","13,126","365.9"
"Chlamydia","2016","Connecticut","09","13,911","388.8"
"Chlamydia","2017","Connecticut","09","17,750","496.7"
"Chlamydia","2018","Connecticut","09","16,732","468.5"
"Chlamydia","2019","Connecticut","09","15,290","428.9"
"Chlamydia","2020 (COVID-19 Pandemic)","Connecticut","09","12,716","352.6"
"Chlamydia","2021","Connecticut","09","14,750","409.1"
"Chlamydia","2022","Connecticut","09","12,738","351.3"
"Chlamydia","2023","Connecticut","09","13,197","364.8"
"Chlamydia","2000","Delaware","10","2,856","363.2"
"Chlamydia","2001","Delaware","10","2,793","351.3"
"Chlamydia","2002","Delaware","10","2,649","329.2"
"Chlamydia","2003","Delaware","10","3,035","372.2"
"Chlamydia","2004","Delaware","10","2,954","357.1"
"Chlamydia","2005","Delaware","10","3,392","403.7"
"Chlamydia","2006","Delaware","10","3,615","423.6"
"Chlamydia","2007","Delaware","10","3,479","402.1"
"Chlamydia","2008","Delaware","10","3,868","441.2"
"Chlamydia","2009","Delaware","10","4,718","533.6"
"Chlamydia","2010","Delaware","10","4,464","496.2"
"Chlamydia","2011","Delaware","10","4,508","496.8"
"Chlamydia","2012","Delaware","10","4,438","484.9"
"Chlamydia","2013","Delaware","10","5,213","564.4"
"Chlamydia","2014","Delaware","10","4,473","479.7"
"Chlamydia","2015","Delaware","10","4,605","489.2"
"Chlamydia","2016","Delaware","10","5,365","565.4"
"Chlamydia","2017","Delaware","10","5,392","563.5"
"Chlamydia","2018","Delaware","10","6,038","625.4"
"Chlamydia","2019","Delaware","10","5,864","602.2"
"Chlamydia","2020 (COVID-19 Pandemic)","Delaware","10","4,855","490.4"
"Chlamydia","2021","Delaware","10","4,880","486.4"
"Chlamydia","2022","Delaware","10","5,177","508.3"
"Chlamydia","2023","Delaware","10","5,703","552.7"
"Chlamydia","2000","District of Columbia","11","3,205","560.5"
"Chlamydia","2001","District of Columbia","11","3,286","568.3"
"Chlamydia","2002","District of Columbia","11","3,305","570.1"
"Chlamydia","2003","District of Columbia","11","3,168","548.2"
"Chlamydia","2004","District of Columbia","11","3,493","602.4"
"Chlamydia","2005","District of Columbia","11","3,678","631.9"
"Chlamydia","2006","District of Columbia","11","3,368","576.9"
"Chlamydia","2007","District of Columbia","11","6,029","1029.0"
"Chlamydia","2008","District of Columbia","11","6,924","1173.7"
"Chlamydia","2009","District of Columbia","11","6,549","1091.5"
"Chlamydia","2010","District of Columbia","11","5,589","923.5"
"Chlamydia","2011","District of Columbia","11","6,585","1062.4"
"Chlamydia","2012","District of Columbia","11","6,808","1072.3"
"Chlamydia","2013","District of Columbia","11","6,414","985.9"
"Chlamydia","2014","District of Columbia","11","5,293","799.2"
"Chlamydia","2015","District of Columbia","11","7,894","1168.8"
"Chlamydia","2016","District of Columbia","11","7,283","1061.9"
"Chlamydia","2017","District of Columbia","11","9,107","1310.5"
"Chlamydia","2018","District of Columbia","11","9,014","1284.9"
"Chlamydia","2019","District of Columbia","11","9,327","1321.6"
"Chlamydia","2020 (COVID-19 Pandemic)","District of Columbia","11","6,413","930.0"
"Chlamydia","2021","District of Columbia","11","6,952","1037.5"
"Chlamydia","2022","District of Columbia","11","8,141","1211.8"
"Chlamydia","2023","District of Columbia","11","8,338","1228.0"
"Chlamydia","2000","Florida","12","33,390","208.1"
"Chlamydia","2001","Florida","12","37,625","230.1"
"Chlamydia","2002","Florida","12","42,058","252.2"
"Chlamydia","2003","Florida","12","42,382","249.7"
"Chlamydia","2004","Florida","12","42,554","245.0"
"Chlamydia","2005","Florida","12","43,372","244.0"
"Chlamydia","2006","Florida","12","48,955","270.8"
"Chlamydia","2007","Florida","12","57,575","315.3"
"Chlamydia","2008","Florida","12","71,017","385.7"
"Chlamydia","2009","Florida","12","72,931","394.0"
"Chlamydia","2010","Florida","12","74,744","396.6"
"Chlamydia","2011","Florida","12","76,033","399.1"
"Chlamydia","2012","Florida","12","77,644","402.3"
"Chlamydia","2013","Florida","12","80,182","410.2"
"Chlamydia","2014","Florida","12","84,194","424.2"
"Chlamydia","2015","Florida","12","90,468","447.7"
"Chlamydia","2016","Florida","12","94,742","459.6"
"Chlamydia","2017","Florida","12","100,018","477.1"
"Chlamydia","2018","Florida","12","104,758","493.1"
"Chlamydia","2019","Florida","12","110,794","515.9"
"Chlamydia","2020 (COVID-19 Pandemic)","Florida","12","100,030","464.4"
"Chlamydia","2021","Florida","12","104,400","479.3"
"Chlamydia","2022","Florida","12","106,873","480.4"
"Chlamydia","2023","Florida","12","112,804","498.9"
"Chlamydia","2000","Georgia","13","29,359","356.7"
"Chlamydia","2001","Georgia","13","33,840","402.0"
"Chlamydia","2002","Georgia","13","33,998","396.1"
"Chlamydia","2003","Georgia","13","35,686","408.9"
"Chlamydia","2004","Georgia","13","34,280","384.9"
"Chlamydia","2005","Georgia","13","33,562","369.2"
"Chlamydia","2006","Georgia","13","38,972","418.0"
"Chlamydia","2007","Georgia","13","42,913","450.5"
"Chlamydia","2008","Georgia","13","42,629","439.9"
"Chlamydia","2009","Georgia","13","39,828","405.8"
"Chlamydia","2010","Georgia","13","45,147","464.9"
"Chlamydia","2011","Georgia","13","54,403","555.0"
"Chlamydia","2012","Georgia","13","52,418","529.4"
"Chlamydia","2013","Georgia","13","51,070","512.1"
"Chlamydia","2014","Georgia","13","51,945","516.0"
"Chlamydia","2015","Georgia","13","57,639","566.3"
"Chlamydia","2016","Georgia","13","62,776","609.4"
"Chlamydia","2017","Georgia","13","65,104","625.4"
"Chlamydia","2018","Georgia","13","65,936","627.3"
"Chlamydia","2019","Georgia","13","67,720","637.8"
"Chlamydia","2020 (COVID-19 Pandemic)","Georgia","13","62,582","584.2"
"Chlamydia","2021","Georgia","13","67,941","629.1"
"Chlamydia","2022","Georgia","13","72,662","665.8"
"Chlamydia","2023","Georgia","13","71,294","646.4"
"Chlamydia","2000","Hawaii","15","3,547","292.6"
"Chlamydia","2001","Hawaii","15","4,031","330.7"
"Chlamydia","2002","Hawaii","15","4,521","368.6"
"Chlamydia","2003","Hawaii","15","5,480","444.9"
"Chlamydia","2004","Hawaii","15","5,307","425.6"
"Chlamydia","2005","Hawaii","15","5,489","435.9"
"Chlamydia","2006","Hawaii","15","5,548","437.1"
"Chlamydia","2007","Hawaii","15","5,659","445.7"
"Chlamydia","2008","Hawaii","15","5,982","467.3"
"Chlamydia","2009","Hawaii","15","6,026","467.8"
"Chlamydia","2010","Hawaii","15","6,015","441.0"
"Chlamydia","2011","Hawaii","15","6,001","435.1"
"Chlamydia","2012","Hawaii","15","6,340","454.5"
"Chlamydia","2013","Hawaii","15","6,640","471.5"
"Chlamydia","2014","Hawaii","15","6,419","453.8"
"Chlamydia","2015","Hawaii","15","7,074","497.5"
"Chlamydia","2016","Hawaii","15","6,902","483.5"
"Chlamydia","2017","Hawaii","15","6,850","480.9"
"Chlamydia","2018","Hawaii","15","7,735","544.5"
"Chlamydia","2019","Hawaii","15","8,093","571.6"
"Chlamydia","2020 (COVID-19 Pandemic)","Hawaii","15","7,005","481.4"
"Chlamydia","2021","Hawaii","15","6,078","421.6"
"Chlamydia","2022","Hawaii","15","5,530","384.0"
"Chlamydia","2023","Hawaii","15","6,251","435.6"
"Chlamydia","2000","Idaho","16","1,907","146.7"
"Chlamydia","2001","Idaho","16","2,023","153.2"
"Chlamydia","2002","Idaho","16","2,503","186.6"
"Chlamydia","2003","Idaho","16","2,366","173.5"
"Chlamydia","2004","Idaho","16","2,784","200.1"
"Chlamydia","2005","Idaho","16","2,799","196.4"
"Chlamydia","2006","Idaho","16","3,345","228.5"
"Chlamydia","2007","Idaho","16","3,722","248.4"
"Chlamydia","2008","Idaho","16","4,194","274.8"
"Chlamydia","2009","Idaho","16","3,842","248.8"
"Chlamydia","2010","Idaho","16","4,208","267.9"
"Chlamydia","2011","Idaho","16","4,699","296.7"
"Chlamydia","2012","Idaho","16","4,550","285.2"
"Chlamydia","2013","Idaho","16","5,428","336.9"
"Chlamydia","2014","Idaho","16","5,442","333.6"
"Chlamydia","2015","Idaho","16","5,631","341.1"
"Chlamydia","2016","Idaho","16","5,897","350.5"
"Chlamydia","2017","Idaho","16","6,200","360.9"
"Chlamydia","2018","Idaho","16","6,572","375.4"
"Chlamydia","2019","Idaho","16","6,863","384.0"
"Chlamydia","2020 (COVID-19 Pandemic)","Idaho","16","6,273","341.1"
"Chlamydia","2021","Idaho","16","6,320","332.5"
"Chlamydia","2022","Idaho","16","5,976","308.2"
"Chlamydia","2023","Idaho","16","5,793","294.9"
"Chlamydia","2000","Illinois","17","40,350","324.4"
"Chlamydia","2001","Illinois","17","43,716","349.5"
"Chlamydia","2002","Illinois","17","48,101","383.1"
"Chlamydia","2003","Illinois","17","48,294","383.3"
"Chlamydia","2004","Illinois","17","47,185","373.2"
"Chlamydia","2005","Illinois","17","50,559","399.0"
"Chlamydia","2006","Illinois","17","53,586","421.5"
"Chlamydia","2007","Illinois","17","55,470","434.2"
"Chlamydia","2008","Illinois","17","59,169","460.9"
"Chlamydia","2009","Illinois","17","60,542","469.6"
"Chlamydia","2010","Illinois","17","60,672","472.5"
"Chlamydia","2011","Illinois","17","64,939","504.7"
"Chlamydia","2012","Illinois","17","67,701","525.5"
"Chlamydia","2013","Illinois","17","63,797","494.7"
"Chlamydia","2014","Illinois","17","66,536","516.4"
"Chlamydia","2015","Illinois","17","69,610","541.3"
"Chlamydia","2016","Illinois","17","72,201","563.2"
"Chlamydia","2017","Illinois","17","75,518","591.0"
"Chlamydia","2018","Illinois","17","77,325","607.8"
"Chlamydia","2019","Illinois","17","81,012","639.3"
"Chlamydia","2020 (COVID-19 Pandemic)","Illinois","17","68,716","536.3"
"Chlamydia","2021","Illinois","17","71,836","566.9"
"Chlamydia","2022","Illinois","17","71,564","568.8"
"Chlamydia","2023","Illinois","17","69,992","557.7"
"Chlamydia","2000","Indiana","18","14,063","230.9"
"Chlamydia","2001","Indiana","18","15,258","249.1"
"Chlamydia","2002","Indiana","18","17,100","278.1"
"Chlamydia","2003","Indiana","18","17,075","276.1"
"Chlamydia","2004","Indiana","18","18,440","296.7"
"Chlamydia","2005","Indiana","18","20,063","320.8"
"Chlamydia","2006","Indiana","18","19,859","315.2"
"Chlamydia","2007","Indiana","18","20,712","326.4"
"Chlamydia","2008","Indiana","18","22,154","346.9"
"Chlamydia","2009","Indiana","18","21,732","338.6"
"Chlamydia","2010","Indiana","18","22,825","351.7"
"Chlamydia","2011","Indiana","18","27,801","426.6"
"Chlamydia","2012","Indiana","18","29,505","451.3"
"Chlamydia","2013","Indiana","18","28,023","426.6"
"Chlamydia","2014","Indiana","18","28,519","432.5"
"Chlamydia","2015","Indiana","18","28,886","437.1"
"Chlamydia","2016","Indiana","18","30,847","465.0"
"Chlamydia","2017","Indiana","18","34,278","514.8"
"Chlamydia","2018","Indiana","18","34,926","521.6"
"Chlamydia","2019","Indiana","18","35,430","526.3"
"Chlamydia","2020 (COVID-19 Pandemic)","Indiana","18","33,372","491.8"
"Chlamydia","2021","Indiana","18","34,755","510.7"
"Chlamydia","2022","Indiana","18","33,834","495.2"
"Chlamydia","2023","Indiana","18","33,693","491.0"
"Chlamydia","2000","Iowa","19","5,987","204.5"
"Chlamydia","2001","Iowa","19","5,699","194.6"
"Chlamydia","2002","Iowa","19","6,195","211.5"
"Chlamydia","2003","Iowa","19","6,491","221.2"
"Chlamydia","2004","Iowa","19","6,956","236.4"
"Chlamydia","2005","Iowa","19","7,390","250.5"
"Chlamydia","2006","Iowa","19","8,390","282.9"
"Chlamydia","2007","Iowa","19","8,643","290.0"
"Chlamydia","2008","Iowa","19","9,372","313.0"
"Chlamydia","2009","Iowa","19","9,406","312.7"
"Chlamydia","2010","Iowa","19","10,542","345.6"
"Chlamydia","2011","Iowa","19","10,705","349.1"
"Chlamydia","2012","Iowa","19","11,377","369.8"
"Chlamydia","2013","Iowa","19","10,953","354.1"
"Chlamydia","2014","Iowa","19","11,804","379.6"
"Chlamydia","2015","Iowa","19","12,085","387.2"
"Chlamydia","2016","Iowa","19","12,983","414.6"
"Chlamydia","2017","Iowa","19","13,893","442.2"
"Chlamydia","2018","Iowa","19","14,682","466.3"
"Chlamydia","2019","Iowa","19","16,044","508.5"
"Chlamydia","2020 (COVID-19 Pandemic)","Iowa","19","15,097","473.2"
"Chlamydia","2021","Iowa","19","15,620","489.2"
"Chlamydia","2022","Iowa","19","14,634","457.2"
"Chlamydia","2023","Iowa","19","13,687","426.8"
"Chlamydia","2000","Kansas","20","6,056","224.9"
"Chlamydia","2001","Kansas","20","6,050","224.0"
"Chlamydia","2002","Kansas","20","6,784","250.2"
"Chlamydia","2003","Kansas","20","7,249","266.5"
"Chlamydia","2004","Kansas","20","7,493","274.5"
"Chlamydia","2005","Kansas","20","7,419","270.8"
"Chlamydia","2006","Kansas","20","7,829","284.3"
"Chlamydia","2007","Kansas","20","8,180","294.9"
"Chlamydia","2008","Kansas","20","9,208","329.4"
"Chlamydia","2009","Kansas","20","10,510","373.0"
"Chlamydia","2010","Kansas","20","9,601","335.9"
"Chlamydia","2011","Kansas","20","10,598","369.4"
"Chlamydia","2012","Kansas","20","11,135","385.9"
"Chlamydia","2013","Kansas","20","11,012","380.6"
"Chlamydia","2014","Kansas","20","11,116","383.2"
"Chlamydia","2015","Kansas","20","11,464","394.1"
"Chlamydia","2016","Kansas","20","12,160","417.7"
"Chlamydia","2017","Kansas","20","13,554","466.0"
"Chlamydia","2018","Kansas","20","14,231","488.8"
"Chlamydia","2019","Kansas","20","15,286","524.7"
"Chlamydia","2020 (COVID-19 Pandemic)","Kansas","20","14,620","497.6"
"Chlamydia","2021","Kansas","20","14,851","506.1"
"Chlamydia","2022","Kansas","20","13,935","474.4"
"Chlamydia","2023","Kansas","20","13,345","453.8"
"Chlamydia","2000","Kentucky","21","8,063","199.1"
"Chlamydia","2001","Kentucky","21","8,881","218.3"
"Chlamydia","2002","Kentucky","21","8,756","214.0"
"Chlamydia","2003","Kentucky","21","7,981","193.8"
"Chlamydia","2004","Kentucky","21","6,470","156.1"
"Chlamydia","2005","Kentucky","21","8,351","199.8"
"Chlamydia","2006","Kentucky","21","8,940","212.0"
"Chlamydia","2007","Kentucky","21","8,798","206.8"
"Chlamydia","2008","Kentucky","21","12,163","283.7"
"Chlamydia","2009","Kentucky","21","13,293","308.3"
"Chlamydia","2010","Kentucky","21","16,376","376.6"
"Chlamydia","2011","Kentucky","21","16,629","380.5"
"Chlamydia","2012","Kentucky","21","17,273","393.8"
"Chlamydia","2013","Kentucky","21","17,134","389.0"
"Chlamydia","2014","Kentucky","21","17,664","400.1"
"Chlamydia","2015","Kentucky","21","17,444","394.1"
"Chlamydia","2016","Kentucky","21","18,286","412.0"
"Chlamydia","2017","Kentucky","21","19,320","433.9"
"Chlamydia","2018","Kentucky","21","19,440","435.8"
"Chlamydia","2019","Kentucky","21","20,911","468.1"
"Chlamydia","2020 (COVID-19 Pandemic)","Kentucky","21","18,750","416.1"
"Chlamydia","2021","Kentucky","21","18,500","410.3"
"Chlamydia","2022","Kentucky","21","18,358","406.8"
"Chlamydia","2023","Kentucky","21","17,284","381.9"
"Chlamydia","2000","Louisiana","22","18,088","404.7"
"Chlamydia","2001","Louisiana","22","17,926","401.9"
"Chlamydia","2002","Louisiana","22","18,442","413.0"
"Chlamydia","2003","Louisiana","22","20,970","468.8"
"Chlamydia","2004","Louisiana","22","21,837","486.6"
"Chlamydia","2005","Louisiana","22","17,227","383.2"
"Chlamydia","2006","Louisiana","22","17,885","422.0"
"Chlamydia","2007","Louisiana","22","19,362","442.7"
"Chlamydia","2008","Louisiana","22","22,659","509.3"
"Chlamydia","2009","Louisiana","22","27,628","615.4"
"Chlamydia","2010","Louisiana","22","29,151","641.5"
"Chlamydia","2011","Louisiana","22","31,614","690.9"
"Chlamydia","2012","Louisiana","22","27,353","594.5"
"Chlamydia","2013","Louisiana","22","28,739","621.4"
"Chlamydia","2014","Louisiana","22","28,955","623.5"
"Chlamydia","2015","Louisiana","22","32,325","693.0"
"Chlamydia","2016","Louisiana","22","31,727","678.2"
"Chlamydia","2017","Louisiana","22","34,756","744.2"
"Chlamydia","2018","Louisiana","22","36,293","778.9"
"Chlamydia","2019","Louisiana","22","36,131","777.2"
"Chlamydia","2020 (COVID-19 Pandemic)","Louisiana","22","32,997","708.4"
"Chlamydia","2021","Louisiana","22","33,759","730.1"
"Chlamydia","2022","Louisiana","22","36,200","788.6"
"Chlamydia","2023","Louisiana","22","36,242","792.4"
"Chlamydia","2000","Maine","23","1,474","115.4"
"Chlamydia","2001","Maine","23","1,338","104.2"
"Chlamydia","2002","Maine","23","1,805","139.6"
"Chlamydia","2003","Maine","23","2,030","155.9"
"Chlamydia","2004","Maine","23","2,113","161.6"
"Chlamydia","2005","Maine","23","2,254","172.0"
"Chlamydia","2006","Maine","23","2,306","175.6"
"Chlamydia","2007","Maine","23","2,541","193.1"
"Chlamydia","2008","Maine","23","2,608","197.9"
"Chlamydia","2009","Maine","23","2,431","184.7"
"Chlamydia","2010","Maine","23","2,586","194.8"
"Chlamydia","2011","Maine","23","3,094","232.9"
"Chlamydia","2012","Maine","23","3,413","257.1"
"Chlamydia","2013","Maine","23","3,438","258.9"
"Chlamydia","2014","Maine","23","3,530","265.3"
"Chlamydia","2015","Maine","23","3,965","298.5"
"Chlamydia","2016","Maine","23","4,156","312.2"
"Chlamydia","2017","Maine","23","4,555","341.3"
"Chlamydia","2018","Maine","23","4,345","324.5"
"Chlamydia","2019","Maine","23","3,989","296.8"
"Chlamydia","2020 (COVID-19 Pandemic)","Maine","23","3,466","254.4"
"Chlamydia","2021","Maine","23","3,372","245.7"
"Chlamydia","2022","Maine","23","3,128","225.8"
"Chlamydia","2023","Maine","23","3,034","217.4"
"Chlamydia","2000","Maryland","24","14,533","273.7"
"Chlamydia","2001","Maryland","24","15,640","291.0"
"Chlamydia","2002","Maryland","24","16,891","310.6"
"Chlamydia","2003","Maryland","24","16,831","306.5"
"Chlamydia","2004","Maryland","24","19,952","360.3"
"Chlamydia","2005","Maryland","24","18,291","328.0"
"Chlamydia","2006","Maryland","24","21,859","390.0"
"Chlamydia","2007","Maryland","24","23,150","411.4"
"Chlamydia","2008","Maryland","24","24,669","436.6"
"Chlamydia","2009","Maryland","24","23,747","417.5"
"Chlamydia","2010","Maryland","24","26,192","452.5"
"Chlamydia","2011","Maryland","24","27,212","466.0"
"Chlamydia","2012","Maryland","24","26,534","450.7"
"Chlamydia","2013","Maryland","24","26,723","451.2"
"Chlamydia","2014","Maryland","24","27,424","460.3"
"Chlamydia","2015","Maryland","24","27,450","458.6"
"Chlamydia","2016","Maryland","24","30,658","510.7"
"Chlamydia","2017","Maryland","24","33,416","554.7"
"Chlamydia","2018","Maryland","24","35,482","587.9"
"Chlamydia","2019","Maryland","24","37,779","624.9"
"Chlamydia","2020 (COVID-19 Pandemic)","Maryland","24","32,398","524.5"
"Chlamydia","2022","Maryland","24","31,234","506.7"
"Chlamydia","2023","Maryland","24","35,836","579.8"
"Chlamydia","2008","Massachusetts","25","17,503","267.5"
"Chlamydia","2009","Massachusetts","25","19,315","293.0"
"Chlamydia","2010","Massachusetts","25","21,080","321.0"
"Chlamydia","2011","Massachusetts","25","22,764","344.2"
"Chlamydia","2012","Massachusetts","25","23,550","353.4"
"Chlamydia","2013","Massachusetts","25","23,210","345.7"
"Chlamydia","2014","Massachusetts","25","21,271","314.5"
"Chlamydia","2015","Massachusetts","25","24,100","354.7"
"Chlamydia","2016","Massachusetts","25","26,807","392.9"
"Chlamydia","2017","Massachusetts","25","29,315","427.3"
"Chlamydia","2018","Massachusetts","25","30,460","442.6"
"Chlamydia","2019","Massachusetts","25","31,622","458.8"
"Chlamydia","2022","Massachusetts","25","28,373","406.4"
"Chlamydia","2023","Massachusetts","25","28,895","412.7"
"Chlamydia","2008","Michigan","26","44,923","449.3"
"Chlamydia","2009","Michigan","26","45,714","459.2"
"Chlamydia","2010","Michigan","26","49,478","500.9"
"Chlamydia","2011","Michigan","26","49,568","501.6"
"Chlamydia","2012","Michigan","26","47,566","480.6"
"Chlamydia","2013","Michigan","26","44,835","452.3"
"Chlamydia","2014","Michigan","26","44,256","445.7"
"Chlamydia","2015","Michigan","26","46,486","468.1"
"Chlamydia","2016","Michigan","26","45,936","461.6"
"Chlamydia","2017","Michigan","26","50,595","507.3"
"Chlamydia","2018","Michigan","26","50,592","506.7"
"Chlamydia","2019","Michigan","26","50,104","501.7"
"Chlamydia","2022","Michigan","26","42,977","428.3"
"Chlamydia","2023","Michigan","26","43,115","429.5"
"Chlamydia","2008","Minnesota","27","14,351","274.4"
"Chlamydia","2009","Minnesota","27","14,197","269.8"
"Chlamydia","2010","Minnesota","27","15,294","288.0"
"Chlamydia","2011","Minnesota","27","16,902","316.2"
"Chlamydia","2012","Minnesota","27","18,056","335.8"
"Chlamydia","2013","Minnesota","27","18,742","346.2"
"Chlamydia","2014","Minnesota","27","19,907","365.2"
"Chlamydia","2015","Minnesota","27","21,243","387.5"
"Chlamydia","2016","Minnesota","27","22,685","410.8"
"Chlamydia","2017","Minnesota","27","23,539","422.9"
"Chlamydia","2018","Minnesota","27","23,569","420.4"
"Chlamydia","2019","Minnesota","27","24,470","433.9"
"Chlamydia","2022","Minnesota","27","22,072","386.1"
"Chlamydia","2023","Minnesota","27","21,777","379.5"
"Chlamydia","2008","Mississippi","28","21,253","723.1"
"Chlamydia","2009","Mississippi","28","23,589","799.6"
"Chlamydia","2010","Mississippi","28","21,417","721.0"
"Chlamydia","2011","Mississippi","28","21,216","712.2"
"Chlamydia","2012","Mississippi","28","23,054","772.6"
"Chlamydia","2013","Mississippi","28","17,464","584.3"
"Chlamydia","2014","Mississippi","28","19,605","655.6"
"Chlamydia","2015","Mississippi","28","17,371","581.3"
"Chlamydia","2016","Mississippi","28","20,112","673.1"
"Chlamydia","2017","Mississippi","28","21,149","707.7"
"Chlamydia","2018","Mississippi","28","22,086","740.9"
"Chlamydia","2019","Mississippi","28","25,303","850.2"
"Chlamydia","2022","Mississippi","28","22,968","781.2"
"Chlamydia","2023","Mississippi","28","20,603","700.9"
"Chlamydia","2008","Missouri","29","24,817","417.0"
"Chlamydia","2009","Missouri","29","25,868","432.4"
"Chlamydia","2010","Missouri","29","26,049","434.4"
"Chlamydia","2011","Missouri","29","27,887","464.0"
"Chlamydia","2012","Missouri","29","27,835","462.0"
"Chlamydia","2013","Missouri","29","27,328","452.4"
"Chlamydia","2014","Missouri","29","27,981","462.0"
"Chlamydia","2015","Missouri","29","28,948","476.8"
"Chlamydia","2016","Missouri","29","30,843","506.7"
"Chlamydia","2017","Missouri","29","32,683","535.2"
"Chlamydia","2018","Missouri","29","34,728","567.3"
"Chlamydia","2019","Missouri","29","34,416","560.8"
"Chlamydia","2022","Missouri","29","32,346","523.6"
"Chlamydia","2023","Missouri","29","30,892","498.6"
"Chlamydia","2008","Montana","30","3,101","320.4"
"Chlamydia","2009","Montana","30","2,988","306.7"
"Chlamydia","2010","Montana","30","3,082","311.1"
"Chlamydia","2011","Montana","30","3,406","341.5"
"Chlamydia","2012","Montana","30","3,827","381.3"
"Chlamydia","2013","Montana","30","3,818","376.7"
"Chlamydia","2014","Montana","30","4,193","410.3"
"Chlamydia","2015","Montana","30","4,184","406.0"
"Chlamydia","2016","Montana","30","4,416","424.3"
"Chlamydia","2017","Montana","30","4,560","433.3"
"Chlamydia","2018","Montana","30","4,917","463.6"
"Chlamydia","2019","Montana","30","4,753","444.7"
"Chlamydia","2022","Montana","30","4,089","364.2"
"Chlamydia","2023","Montana","30","3,655","322.6"
"Chlamydia","2008","Nebraska","31","5,573","313.1"
"Chlamydia","2009","Nebraska","31","5,443","303.3"
"Chlamydia","2010","Nebraska","31","5,114","279.5"
"Chlamydia","2011","Nebraska","31","6,780","368.3"
"Chlamydia","2012","Nebraska","31","6,748","364.1"
"Chlamydia","2013","Nebraska","31","7,301","391.4"
"Chlamydia","2014","Nebraska","31","7,499","399.0"
"Chlamydia","2015","Nebraska","31","7,956","420.7"
"Chlamydia","2016","Nebraska","31","8,197","430.1"
"Chlamydia","2017","Nebraska","31","8,595","448.6"
"Chlamydia","2018","Nebraska","31","8,026","416.8"
"Chlamydia","2019","Nebraska","31","9,291","480.3"
"Chlamydia","2022","Nebraska","31","9,627","489.2"
"Chlamydia","2023","Nebraska","31","9,274","468.8"
"Chlamydia","2008","Nevada","32","9,670","370.1"
"Chlamydia","2009","Nevada","32","10,045","380.7"
"Chlamydia","2010","Nevada","32","9,666","357.7"
"Chlamydia","2011","Nevada","32","10,507","387.3"
"Chlamydia","2012","Nevada","32","11,137","405.9"
"Chlamydia","2013","Nevada","32","11,781","424.4"
"Chlamydia","2014","Nevada","32","11,841","420.2"
"Chlamydia","2015","Nevada","32","12,925","450.8"
"Chlamydia","2016","Nevada","32","14,649","502.1"
"Chlamydia","2017","Nevada","32","16,260","547.5"
"Chlamydia","2018","Nevada","32","17,508","578.3"
"Chlamydia","2019","Nevada","32","17,827","578.8"
"Chlamydia","2022","Nevada","32","16,189","509.4"
"Chlamydia","2023","Nevada","32","15,766","493.6"
"Chlamydia","2008","New Hampshire","33","2,109","159.7"
"Chlamydia","2009","New Hampshire","33","2,102","159.0"
"Chlamydia","2010","New Hampshire","33","2,462","187.0"
"Chlamydia","2011","New Hampshire","33","3,010","228.0"
"Chlamydia","2012","New Hampshire","33","3,072","232.0"
"Chlamydia","2013","New Hampshire","33","3,119","235.1"
"Chlamydia","2014","New Hampshire","33","3,586","268.9"
"Chlamydia","2015","New Hampshire","33","3,095","231.6"
"Chlamydia","2016","New Hampshire","33","3,467","258.3"
"Chlamydia","2017","New Hampshire","33","4,412","327.1"
"Chlamydia","2018","New Hampshire","33","3,734","275.9"
"Chlamydia","2019","New Hampshire","33","3,577","263.1"
"Chlamydia","2022","New Hampshire","33","2,830","202.8"
"Chlamydia","2023","New Hampshire","33","2,756","196.6"
"Chlamydia","2008","New Jersey","34","22,405","258.8"
"Chlamydia","2009","New Jersey","34","23,974","275.8"
"Chlamydia","2010","New Jersey","34","26,142","297.1"
"Chlamydia","2011","New Jersey","34","26,209","296.9"
"Chlamydia","2012","New Jersey","34","27,271","308.3"
"Chlamydia","2013","New Jersey","34","28,327","319.8"
"Chlamydia","2014","New Jersey","34","29,904","337.3"
"Chlamydia","2015","New Jersey","34","31,337","353.4"
"Chlamydia","2016","New Jersey","34","34,519","389.1"
"Chlamydia","2017","New Jersey","34","35,239","396.6"
"Chlamydia","2018","New Jersey","34","36,514","410.9"
"Chlamydia","2019","New Jersey","34","37,591","423.2"
"Chlamydia","2022","New Jersey","34","33,147","357.9"
"Chlamydia","2023","New Jersey","34","35,689","384.1"
"Chlamydia","2008","New Mexico","35","9,262","466.8"
"Chlamydia","2009","New Mexico","35","9,493","472.9"
"Chlamydia","2010","New Mexico","35","11,706","567.0"
"Chlamydia","2011","New Mexico","35","11,374","546.7"
"Chlamydia","2012","New Mexico","35","11,898","570.0"
"Chlamydia","2013","New Mexico","35","12,249","585.4"
"Chlamydia","2014","New Mexico","35","11,558","553.1"
"Chlamydia","2015","New Mexico","35","12,632","604.6"
"Chlamydia","2016","New Mexico","35","13,108","626.7"
"Chlamydia","2017","New Mexico","35","13,560","648.3"
"Chlamydia","2018","New Mexico","35","14,000","669.0"
"Chlamydia","2019","New Mexico","35","14,283","681.2"
"Chlamydia","2022","New Mexico","35","11,172","528.6"
"Chlamydia","2023","New Mexico","35","11,071","523.6"
"Chlamydia","2008","New York","36","88,359","453.9"
"Chlamydia","2009","New York","36","92,069","471.6"
"Chlamydia","2010","New York","36","99,920","515.1"
"Chlamydia","2011","New York","36","102,763","527.0"
"Chlamydia","2012","New York","36","100,546","513.7"
"Chlamydia","2013","New York","36","95,803","488.2"
"Chlamydia","2014","New York","36","98,814","502.8"
"Chlamydia","2015","New York","36","103,615","527.2"
"Chlamydia","2016","New York","36","109,433","557.4"
"Chlamydia","2017","New York","36","116,814","596.3"
"Chlamydia","2018","New York","36","119,571","612.2"
"Chlamydia","2019","New York","36","124,622","640.6"
"Chlamydia","2022","New York","36","103,673","526.9"
"Chlamydia","2023","New York","36","109,284","558.4"
"Chlamydia","2008","North Carolina","37","37,516","406.5"
"Chlamydia","2009","North Carolina","37","41,045","438.7"
"Chlamydia","2010","North Carolina","37","42,048","439.2"
"Chlamydia","2011","North Carolina","37","54,819","567.6"
"Chlamydia","2012","North Carolina","37","50,596","519.0"
"Chlamydia","2013","North Carolina","37","48,416","491.9"
"Chlamydia","2014","North Carolina","37","47,147","474.7"
"Chlamydia","2015","North Carolina","37","64,376","641.7"
"Chlamydia","2016","North Carolina","37","58,006","571.2"
"Chlamydia","2017","North Carolina","37","62,876","612.3"
"Chlamydia","2018","North Carolina","37","66,553","641.1"
"Chlamydia","2019","North Carolina","37","70,257","669.9"
"Chlamydia","2022","North Carolina","37","64,525","603.1"
"Chlamydia","2023","North Carolina","37","65,867","607.9"
"Chlamydia","2008","North Dakota","38","1,921","299.9"
"Chlamydia","2009","North Dakota","38","1,957","303.0"
"Chlamydia","2010","North Dakota","38","2,404","356.3"
"Chlamydia","2011","North Dakota","38","2,445","356.8"
"Chlamydia","2012","North Dakota","38","2,908","414.7"
"Chlamydia","2013","North Dakota","38","2,932","406.1"
"Chlamydia","2014","North Dakota","38","3,451","468.0"
"Chlamydia","2015","North Dakota","38","3,159","418.9"
"Chlamydia","2016","North Dakota","38","3,455","458.0"
"Chlamydia","2017","North Dakota","38","3,278","434.2"
"Chlamydia","2018","North Dakota","38","3,525","465.0"
"Chlamydia","2019","North Dakota","38","3,880","509.1"
"Chlamydia","2022","North Dakota","38","3,704","475.3"
"Chlamydia","2023","North Dakota","38","3,421","436.4"
"Chlamydia","2008","Ohio","39","47,117","408.8"
"Chlamydia","2009","Ohio","39","48,239","418.3"
"Chlamydia","2010","Ohio","39","51,150","443.3"
"Chlamydia","2011","Ohio","39","52,653","456.1"
"Chlamydia","2012","Ohio","39","53,141","460.1"
"Chlamydia","2013","Ohio","39","53,121","458.9"
"Chlamydia","2014","Ohio","39","54,858","472.8"
"Chlamydia","2015","Ohio","39","56,726","488.3"
"Chlamydia","2016","Ohio","39","60,496","520.0"
"Chlamydia","2017","Ohio","39","61,389","526.5"
"Chlamydia","2018","Ohio","39","63,220","541.4"
"Chlamydia","2019","Ohio","39","65,393","559.4"
"Chlamydia","2022","Ohio","39","54,459","463.2"
"Chlamydia","2023","Ohio","39","54,411","461.7"
"Chlamydia","2008","Oklahoma","40","14,803","406.6"
"Chlamydia","2009","Oklahoma","40","15,023","407.6"
"Chlamydia","2010","Oklahoma","40","14,302","380.4"
"Chlamydia","2011","Oklahoma","40","14,596","385.3"
"Chlamydia","2012","Oklahoma","40","16,843","441.1"
"Chlamydia","2013","Oklahoma","40","18,278","474.4"
"Chlamydia","2014","Oklahoma","40","20,662","532.8"
"Chlamydia","2015","Oklahoma","40","21,025","537.8"
"Chlamydia","2016","Oklahoma","40","21,449","546.3"
"Chlamydia","2017","Oklahoma","40","21,752","553.3"
"Chlamydia","2018","Oklahoma","40","21,974","557.7"
"Chlamydia","2019","Oklahoma","40","23,518","594.3"
"Chlamydia","2022","Oklahoma","40","20,190","502.3"
"Chlamydia","2023","Oklahoma","40","19,104","471.3"
"Chlamydia","2008","Oregon","41","10,744","284.2"
"Chlamydia","2009","Oregon","41","11,497","300.7"
"Chlamydia","2010","Oregon","41","12,352","321.9"
"Chlamydia","2011","Oregon","41","13,643","352.3"
"Chlamydia","2012","Oregon","41","13,454","345.1"
"Chlamydia","2013","Oregon","41","14,181","361.5"
"Chlamydia","2014","Oregon","41","15,508","391.3"
"Chlamydia","2015","Oregon","41","16,305","406.0"
"Chlamydia","2016","Oregon","41","17,425","426.0"
"Chlamydia","2017","Oregon","41","18,634","449.7"
"Chlamydia","2018","Oregon","41","19,224","459.7"
"Chlamydia","2019","Oregon","41","19,279","457.1"
"Chlamydia","2022","Oregon","41","15,504","365.6"
"Chlamydia","2023","Oregon","41","15,344","362.5"
"Chlamydia","2008","Pennsylvania","42","42,233","336.2"
"Chlamydia","2009","Pennsylvania","42","43,068","341.8"
"Chlamydia","2010","Pennsylvania","42","47,518","373.8"
"Chlamydia","2011","Pennsylvania","42","52,884","414.9"
"Chlamydia","2012","Pennsylvania","42","54,993","430.7"
"Chlamydia","2013","Pennsylvania","42","52,056","407.4"
"Chlamydia","2014","Pennsylvania","42","50,536","395.2"
"Chlamydia","2015","Pennsylvania","42","53,460","418.2"
"Chlamydia","2016","Pennsylvania","42","56,930","445.4"
"Chlamydia","2017","Pennsylvania","42","56,447","441.4"
"Chlamydia","2018","Pennsylvania","42","59,340","463.6"
"Chlamydia","2019","Pennsylvania","42","61,694","481.9"
"Chlamydia","2022","Pennsylvania","42","54,645","421.3"
"Chlamydia","2023","Pennsylvania","42","54,600","421.2"
"Chlamydia","2008","Rhode Island","44","3,317","313.4"
"Chlamydia","2009","Rhode Island","44","3,615","341.9"
"Chlamydia","2010","Rhode Island","44","3,480","330.2"
"Chlamydia","2011","Rhode Island","44","4,146","393.5"
"Chlamydia","2012","Rhode Island","44","4,313","409.0"
"Chlamydia","2013","Rhode Island","44","4,312","408.7"
"Chlamydia","2014","Rhode Island","44","4,349","411.9"
"Chlamydia","2015","Rhode Island","44","4,575","433.2"
"Chlamydia","2016","Rhode Island","44","4,936","467.1"
"Chlamydia","2017","Rhode Island","44","5,282","500.3"
"Chlamydia","2018","Rhode Island","44","5,487","518.5"
"Chlamydia","2019","Rhode Island","44","5,718","539.8"
"Chlamydia","2022","Rhode Island","44","5,199","475.3"
"Chlamydia","2023","Rhode Island","44","5,269","480.8"
"Chlamydia","2008","South Carolina","45","26,323","585.2"
"Chlamydia","2009","South Carolina","45","26,654","585.3"
"Chlamydia","2010","South Carolina","45","26,525","572.2"
"Chlamydia","2011","South Carolina","45","28,932","619.3"
"Chlamydia","2012","South Carolina","45","27,149","575.5"
"Chlamydia","2013","South Carolina","45","25,594","537.2"
"Chlamydia","2014","South Carolina","45","28,087","582.3"
"Chlamydia","2015","South Carolina","45","27,538","562.9"
"Chlamydia","2016","South Carolina","45","28,179","568.4"
"Chlamydia","2017","South Carolina","45","32,235","642.0"
"Chlamydia","2018","South Carolina","45","33,910","667.0"
"Chlamydia","2019","South Carolina","45","35,950","698.2"
"Chlamydia","2022","South Carolina","45","35,525","672.5"
"Chlamydia","2023","South Carolina","45","32,889","612.1"
"Chlamydia","2008","South Dakota","46","2,956","368.1"
"Chlamydia","2009","South Dakota","46","3,015","371.8"
"Chlamydia","2010","South Dakota","46","3,192","391.1"
"Chlamydia","2011","South Dakota","46","3,409","413.9"
"Chlamydia","2012","South Dakota","46","3,924","470.7"
"Chlamydia","2013","South Dakota","46","3,927","466.2"
"Chlamydia","2014","South Dakota","46","4,166","490.6"
"Chlamydia","2015","South Dakota","46","3,949","462.4"
"Chlamydia","2016","South Dakota","46","4,331","501.9"
"Chlamydia","2017","South Dakota","46","4,437","508.3"
"Chlamydia","2018","South Dakota","46","4,432","504.4"
"Chlamydia","2019","South Dakota","46","4,547","514.0"
"Chlamydia","2022","South Dakota","46","5,160","567.1"
"Chlamydia","2023","South Dakota","46","4,887","531.6"
"Chlamydia","2008","Tennessee","47","28,038","449.4"
"Chlamydia","2009","Tennessee","47","29,711","472.3"
"Chlamydia","2010","Tennessee","47","28,327","445.7"
"Chlamydia","2011","Tennessee","47","31,105","486.1"
"Chlamydia","2012","Tennessee","47","32,525","504.0"
"Chlamydia","2013","Tennessee","47","30,370","467.6"
"Chlamydia","2014","Tennessee","47","30,793","470.8"
"Chlamydia","2015","Tennessee","47","31,272","474.5"
"Chlamydia","2016","Tennessee","47","32,304","486.1"
"Chlamydia","2017","Tennessee","47","35,087","523.0"
"Chlamydia","2018","Tennessee","47","38,212","564.3"
"Chlamydia","2019","Tennessee","47","41,089","601.7"
"Chlamydia","2022","Tennessee","47","37,942","538.1"
"Chlamydia","2023","Tennessee","47","36,872","517.4"
"Chlamydia","2008","Texas","48","100,870","415.3"
"Chlamydia","2009","Texas","48","105,910","427.6"
"Chlamydia","2010","Texas","48","119,872","474.9"
"Chlamydia","2011","Texas","48","124,882","487.0"
"Chlamydia","2012","Texas","48","127,036","487.0"
"Chlamydia","2013","Texas","48","129,861","490.4"
"Chlamydia","2014","Texas","48","131,219","486.6"
"Chlamydia","2015","Texas","48","141,158","513.9"
"Chlamydia","2016","Texas","48","142,952","512.1"
"Chlamydia","2017","Texas","48","151,533","535.5"
"Chlamydia","2018","Texas","48","146,510","511.8"
"Chlamydia","2019","Texas","48","129,075","445.1"
"Chlamydia","2022","Texas","48","155,483","517.8"
"Chlamydia","2023","Texas","48","150,056","491.9"
"Chlamydia","2008","Utah","49","6,021","221.0"
"Chlamydia","2009","Utah","49","6,145","221.0"
"Chlamydia","2010","Utah","49","6,690","241.1"
"Chlamydia","2011","Utah","49","7,086","251.8"
"Chlamydia","2012","Utah","49","7,615","266.9"
"Chlamydia","2013","Utah","49","7,535","260.0"
"Chlamydia","2014","Utah","49","8,223","280.0"
"Chlamydia","2015","Utah","49","8,633","289.5"
"Chlamydia","2016","Utah","49","9,457","310.9"
"Chlamydia","2017","Utah","49","10,135","326.8"
"Chlamydia","2018","Utah","49","10,541","334.3"
"Chlamydia","2019","Utah","49","11,075","345.5"
"Chlamydia","2022","Utah","49","11,108","328.6"
"Chlamydia","2023","Utah","49","11,004","322.0"
"Chlamydia","2008","Vermont","50","1,190","191.6"
"Chlamydia","2009","Vermont","50","1,186","190.8"
"Chlamydia","2010","Vermont","50","1,257","200.8"
"Chlamydia","2011","Vermont","50","1,483","236.5"
"Chlamydia","2012","Vermont","50","1,724","275.4"
"Chlamydia","2013","Vermont","50","1,842","294.2"
"Chlamydia","2014","Vermont","50","2,237","357.8"
"Chlamydia","2015","Vermont","50","1,901","304.1"
"Chlamydia","2016","Vermont","50","1,690","271.0"
"Chlamydia","2017","Vermont","50","1,858","297.6"
"Chlamydia","2018","Vermont","50","1,712","274.2"
"Chlamydia","2019","Vermont","50","1,718","275.3"
"Chlamydia","2022","Vermont","50","1,281","198.0"
"Chlamydia","2023","Vermont","50","1,307","201.9"
"Chlamydia","2008","Virginia","51","31,218","401.2"
"Chlamydia","2009","Virginia","51","30,903","393.0"
"Chlamydia","2010","Virginia","51","30,797","383.8"
"Chlamydia","2011","Virginia","51","36,314","448.3"
"Chlamydia","2012","Virginia","51","34,963","427.2"
"Chlamydia","2013","Virginia","51","33,316","403.7"
"Chlamydia","2014","Virginia","51","36,048","433.7"
"Chlamydia","2015","Virginia","51","35,349","422.7"
"Chlamydia","2016","Virginia","51","39,666","471.6"
"Chlamydia","2017","Virginia","51","42,374","500.7"
"Chlamydia","2018","Virginia","51","42,965","505.4"
"Chlamydia","2019","Virginia","51","48,169","564.3"
"Chlamydia","2022","Virginia","51","40,789","469.7"
"Chlamydia","2023","Virginia","51","41,206","472.8"
"Chlamydia","2008","Washington","53","21,402","325.9"
"Chlamydia","2009","Washington","53","21,387","320.6"
"Chlamydia","2010","Washington","53","21,348","316.6"
"Chlamydia","2011","Washington","53","23,280","341.0"
"Chlamydia","2012","Washington","53","24,596","356.6"
"Chlamydia","2013","Washington","53","24,950","358.3"
"Chlamydia","2014","Washington","53","26,577","376.7"
"Chlamydia","2015","Washington","53","28,699","400.6"
"Chlamydia","2016","Washington","53","31,254","428.4"
"Chlamydia","2017","Washington","53","32,231","434.2"
"Chlamydia","2018","Washington","53","34,449","457.9"
"Chlamydia","2019","Washington","53","37,795","496.3"
"Chlamydia","2022","Washington","53","28,431","365.2"
"Chlamydia","2023","Washington","53","27,687","354.4"
"Chlamydia","2008","West Virginia","54","3,316","182.6"
"Chlamydia","2009","West Virginia","54","3,604","197.9"
"Chlamydia","2010","West Virginia","54","3,876","209.0"
"Chlamydia","2011","West Virginia","54","4,295","231.4"
"Chlamydia","2012","West Virginia","54","4,790","258.0"
"Chlamydia","2013","West Virginia","54","5,139","277.2"
"Chlamydia","2014","West Virginia","54","4,719","255.2"
"Chlamydia","2015","West Virginia","54","4,958","269.2"
"Chlamydia","2016","West Virginia","54","4,821","263.3"
"Chlamydia","2017","West Virginia","54","4,140","227.8"
"Chlamydia","2018","West Virginia","54","3,599","199.5"
"Chlamydia","2019","West Virginia","54","5,609","313.0"
"Chlamydia","2022","West Virginia","54","4,450","250.7"
"Chlamydia","2023","West Virginia","54","4,407","249.0"
"Chlamydia","2008","Wisconsin","55","20,996","373.1"
"Chlamydia","2009","Wisconsin","55","20,906","370.0"
"Chlamydia","2010","Wisconsin","55","23,236","408.3"
"Chlamydia","2011","Wisconsin","55","24,619","431.5"
"Chlamydia","2012","Wisconsin","55","23,726","414.8"
"Chlamydia","2013","Wisconsin","55","23,572","410.9"
"Chlamydia","2014","Wisconsin","55","23,154","402.6"
"Chlamydia","2015","Wisconsin","55","24,381","423.2"
"Chlamydia","2016","Wisconsin","55","26,894","465.9"
"Chlamydia","2017","Wisconsin","55","27,740","479.1"
"Chlamydia","2018","Wisconsin","55","28,027","482.6"
"Chlamydia","2019","Wisconsin","55","29,080","499.4"
"Chlamydia","2022","Wisconsin","55","25,676","435.7"
"Chlamydia","2023","Wisconsin","55","24,993","422.8"
"Chlamydia","2008","Wyoming","56","1,577","296.1"
"Chlamydia","2009","Wyoming","56","1,963","360.6"
"Chlamydia","2010","Wyoming","56","2,113","374.3"
"Chlamydia","2011","Wyoming","56","2,092","368.8"
"Chlamydia","2012","Wyoming","56","2,102","364.7"
"Chlamydia","2013","Wyoming","56","2,005","344.4"
"Chlamydia","2014","Wyoming","56","1,972","338.5"
"Chlamydia","2015","Wyoming","56","2,037","347.8"
"Chlamydia","2016","Wyoming","56","2,060","352.6"
"Chlamydia","2017","Wyoming","56","2,142","370.0"
"Chlamydia","2018","Wyoming","56","2,169","375.5"
"Chlamydia","2019","Wyoming","56","2,189","378.2"
"Chlamydia","2022","Wyoming","56","1,793","308.4"
"Chlamydia","2023","Wyoming","56","1,829","313.2"
"Chlamydia","2021","Maryland","24","Data suppressed","Data suppressed"
"Chlamydia","2000","Massachusetts","25","10,073","158.3"
"Chlamydia","2001","Massachusetts","25","10,402","162.2"
"Chlamydia","2002","Massachusetts","25","10,914","169.5"
"Chlamydia","2003","Massachusetts","25","11,301","175.1"
"Chlamydia","2004","Massachusetts","25","13,242","205.2"
"Chlamydia","2005","Massachusetts","25","14,411","223.3"
"Chlamydia","2006","Massachusetts","25","15,394","238.1"
"Chlamydia","2007","Massachusetts","25","16,145","248.4"
"Chlamydia","2020 (COVID-19 Pandemic)","Massachusetts","25","24,901","354.2"
"Chlamydia","2021","Massachusetts","25","26,950","385.8"
"Chlamydia","2000","Michigan","26","26,237","263.6"
"Chlamydia","2001","Michigan","26","31,090","310.7"
"Chlamydia","2002","Michigan","26","32,272","321.5"
"Chlamydia","2003","Michigan","26","32,572","323.4"
"Chlamydia","2004","Michigan","26","41,246","408.7"
"Chlamydia","2005","Michigan","26","38,730","383.8"
"Chlamydia","2006","Michigan","26","36,753","364.5"
"Chlamydia","2007","Michigan","26","37,353","371.6"
"Chlamydia","2020 (COVID-19 Pandemic)","Michigan","26","44,769","444.3"
"Chlamydia","2021","Michigan","26","45,473","452.4"
"Chlamydia","2000","Minnesota","27","8,102","164.2"
"Chlamydia","2001","Minnesota","27","8,323","167.1"
"Chlamydia","2002","Minnesota","27","10,107","201.4"
"Chlamydia","2003","Minnesota","27","10,714","212.1"
"Chlamydia","2004","Minnesota","27","11,602","228.4"
"Chlamydia","2005","Minnesota","27","12,189","238.7"
"Chlamydia","2006","Minnesota","27","12,935","251.3"
"Chlamydia","2007","Minnesota","27","13,413","258.4"
"Chlamydia","2020 (COVID-19 Pandemic)","Minnesota","27","22,114","387.5"
"Chlamydia","2021","Minnesota","27","22,573","395.5"
"Chlamydia","2000","Mississippi","28","12,697","445.8"
"Chlamydia","2001","Mississippi","28","11,793","413.3"
"Chlamydia","2002","Mississippi","28","11,800","412.9"
"Chlamydia","2003","Mississippi","28","12,193","425.4"
"Chlamydia","2004","Mississippi","28","18,863","653.8"
"Chlamydia","2005","Mississippi","28","21,268","733.6"
"Chlamydia","2006","Mississippi","28","19,002","656.0"
"Chlamydia","2007","Mississippi","28","21,686","742.6"
"Chlamydia","2020 (COVID-19 Pandemic)","Mississippi","28","23,919","807.7"
"Chlamydia","2021","Mississippi","28","22,126","750.0"
"Chlamydia","2000","Missouri","29","13,448","239.9"
"Chlamydia","2001","Missouri","29","13,949","247.2"
"Chlamydia","2002","Missouri","29","16,181","284.9"
"Chlamydia","2003","Missouri","29","18,570","325.0"
"Chlamydia","2004","Missouri","29","21,319","370.4"
"Chlamydia","2005","Missouri","29","22,371","385.5"
"Chlamydia","2006","Missouri","29","22,982","392.3"
"Chlamydia","2007","Missouri","29","23,308","394.7"
"Chlamydia","2020 (COVID-19 Pandemic)","Missouri","29","31,815","516.9"
"Chlamydia","2021","Missouri","29","31,915","517.4"
"Chlamydia","2000","Montana","30","1,469","162.6"
"Chlamydia","2001","Montana","30","1,897","209.4"
"Chlamydia","2002","Montana","30","2,475","272.1"
"Chlamydia","2003","Montana","30","2,547","277.9"
"Chlamydia","2004","Montana","30","2,608","281.7"
"Chlamydia","2005","Montana","30","2,400","256.8"
"Chlamydia","2006","Montana","30","2,650","280.1"
"Chlamydia","2007","Montana","30","2,748","287.1"
"Chlamydia","2020 (COVID-19 Pandemic)","Montana","30","4,133","381.2"
"Chlamydia","2021","Montana","30","4,029","364.9"
"Chlamydia","2000","Nebraska","31","3,791","221.3"
"Chlamydia","2001","Nebraska","31","3,206","186.6"
"Chlamydia","2002","Nebraska","31","4,779","277.1"
"Chlamydia","2003","Nebraska","31","4,739","273.4"
"Chlamydia","2004","Nebraska","31","5,238","300.8"
"Chlamydia","2005","Nebraska","31","5,098","291.2"
"Chlamydia","2006","Nebraska","31","5,428","308.5"
"Chlamydia","2007","Nebraska","31","5,132","290.1"
"Chlamydia","2020 (COVID-19 Pandemic)","Nebraska","31","8,844","450.9"
"Chlamydia","2021","Nebraska","31","8,897","453.1"
"Chlamydia","2000","Nevada","32","4,019","199.1"
"Chlamydia","2001","Nevada","32","4,831","230.7"
"Chlamydia","2002","Nevada","32","5,936","274.1"
"Chlamydia","2003","Nevada","32","5,830","260.7"
"Chlamydia","2004","Nevada","32","6,690","287.4"
"Chlamydia","2005","Nevada","32","7,321","304.1"
"Chlamydia","2006","Nevada","32","8,398","337.1"
"Chlamydia","2007","Nevada","32","9,514","370.9"
"Chlamydia","2020 (COVID-19 Pandemic)","Nevada","32","14,739","474.7"
"Chlamydia","2021","Nevada","32","16,348","520.0"
"Chlamydia","2000","New Hampshire","33","1,130","91.1"
"Chlamydia","2001","New Hampshire","33","1,383","110.1"
"Chlamydia","2002","New Hampshire","33","1,557","122.5"
"Chlamydia","2003","New Hampshire","33","1,616","126.0"
"Chlamydia","2004","New Hampshire","33","1,736","134.3"
"Chlamydia","2005","New Hampshire","33","1,842","141.6"
"Chlamydia","2006","New Hampshire","33","1,997","152.3"
"Chlamydia","2007","New Hampshire","33","2,055","156.1"
"Chlamydia","2020 (COVID-19 Pandemic)","New Hampshire","33","2,931","212.8"
"Chlamydia","2021","New Hampshire","33","3,027","217.9"
"Chlamydia","2000","New Jersey","34","10,814","128.3"
"Chlamydia","2001","New Jersey","34","16,312","192.2"
"Chlamydia","2002","New Jersey","34","14,164","165.8"
"Chlamydia","2003","New Jersey","34","16,169","188.3"
"Chlamydia","2004","New Jersey","34","17,448","202.6"
"Chlamydia","2005","New Jersey","34","19,152","222.2"
"Chlamydia","2006","New Jersey","34","20,194","234.3"
"Chlamydia","2007","New Jersey","34","21,536","249.5"
"Chlamydia","2020 (COVID-19 Pandemic)","New Jersey","34","31,649","340.7"
"Chlamydia","2021","New Jersey","34","33,425","360.7"
"Chlamydia","2000","New Mexico","35","5,204","285.8"
"Chlamydia","2001","New Mexico","35","6,254","342.0"
"Chlamydia","2002","New Mexico","35","7,417","401.1"
"Chlamydia","2003","New Mexico","35","7,480","400.4"
"Chlamydia","2004","New Mexico","35","9,035","478.0"
"Chlamydia","2005","New Mexico","35","8,456","441.6"
"Chlamydia","2006","New Mexico","35","9,829","506.5"
"Chlamydia","2007","New Mexico","35","9,460","481.1"
"Chlamydia","2020 (COVID-19 Pandemic)","New Mexico","35","12,084","570.7"
"Chlamydia","2021","New Mexico","35","12,441","588.0"
"Chlamydia","2000","New York","36","31,448","165.5"
"Chlamydia","2001","New York","36","46,265","242.4"
"Chlamydia","2002","New York","36","51,123","266.8"
"Chlamydia","2003","New York","36","57,222","297.5"
"Chlamydia","2004","New York","36","59,097","306.2"
"Chlamydia","2005","New York","36","63,966","330.9"
"Chlamydia","2006","New York","36","68,720","355.1"
"Chlamydia","2007","New York","36","80,717","415.6"
"Chlamydia","2020 (COVID-19 Pandemic)","New York","36","97,722","483.7"
"Chlamydia","2021","New York","36","101,657","512.5"
"Chlamydia","2000","North Carolina","37","21,985","272.1"
"Chlamydia","2001","North Carolina","37","22,101","269.4"
"Chlamydia","2002","North Carolina","37","24,726","297.5"
"Chlamydia","2003","North Carolina","37","26,187","311.8"
"Chlamydia","2004","North Carolina","37","28,967","340.1"
"Chlamydia","2005","North Carolina","37","31,183","360.3"
"Chlamydia","2006","North Carolina","37","33,615","379.7"
"Chlamydia","2007","North Carolina","37","30,611","338.3"
"Chlamydia","2020 (COVID-19 Pandemic)","North Carolina","37","64,640","619.2"
"Chlamydia","2021","North Carolina","37","63,660","603.3"
"Chlamydia","2001","North Dakota","38","1,062","166.9"
"Chlamydia","2002","North Dakota","38","1,256","198.4"
"Chlamydia","2003","North Dakota","38","1,655","262.0"
"Chlamydia","2004","North Dakota","38","1,810","284.8"
"Chlamydia","2005","North Dakota","38","1,667","262.7"
"Chlamydia","2006","North Dakota","38","1,820","286.2"
"Chlamydia","2007","North Dakota","38","1,789","280.6"
"Chlamydia","2020 (COVID-19 Pandemic)","North Dakota","38","3,562","457.2"
"Chlamydia","2021","North Dakota","38","3,964","511.5"
"Chlamydia","2000","North Dakota","38","909","141.7"
"Chlamydia","2000","Ohio","39","31,190","274.5"
"Chlamydia","2001","Ohio","39","37,653","330.4"
"Chlamydia","2002","Ohio","39","38,032","333.0"
"Chlamydia","2003","Ohio","39","42,522","371.4"
"Chlamydia","2004","Ohio","39","39,379","343.4"
"Chlamydia","2005","Ohio","39","43,806","381.7"
"Chlamydia","2006","Ohio","39","40,106","349.0"
"Chlamydia","2007","Ohio","39","47,434","411.8"
"Chlamydia","2020 (COVID-19 Pandemic)","Ohio","39","59,520","504.4"
"Chlamydia","2021","Ohio","39","56,520","479.8"
"Chlamydia","2000","Oklahoma","40","9,331","270.2"
"Chlamydia","2001","Oklahoma","40","10,478","302.5"
"Chlamydia","2002","Oklahoma","40","10,804","310.2"
"Chlamydia","2003","Oklahoma","40","11,013","315.1"
"Chlamydia","2004","Oklahoma","40","10,366","295.2"
"Chlamydia","2005","Oklahoma","40","13,407","379.8"
"Chlamydia","2006","Oklahoma","40","12,992","363.8"
"Chlamydia","2007","Oklahoma","40","12,529","347.2"
"Chlamydia","2020 (COVID-19 Pandemic)","Oklahoma","40","21,208","535.6"
"Chlamydia","2021","Oklahoma","40","20,709","519.5"
"Chlamydia","2000","Oregon","41","7,107","207.2"
"Chlamydia","2001","Oregon","41","7,454","214.8"
"Chlamydia","2002","Oregon","41","7,009","199.3"
"Chlamydia","2003","Oregon","41","7,688","216.5"
"Chlamydia","2004","Oregon","41","8,690","243.2"
"Chlamydia","2005","Oregon","41","9,018","249.3"
"Chlamydia","2006","Oregon","41","9,577","260.5"
"Chlamydia","2007","Oregon","41","9,849","264.0"
"Chlamydia","2020 (COVID-19 Pandemic)","Oregon","41","15,858","374.3"
"Chlamydia","2021","Oregon","41","15,596","367.3"
"Chlamydia","2000","Pennsylvania","42","26,476","215.5"
"Chlamydia","2001","Pennsylvania","42","28,319","230.3"
"Chlamydia","2002","Pennsylvania","42","31,791","258.0"
"Chlamydia","2003","Pennsylvania","42","37,291","301.7"
"Chlamydia","2004","Pennsylvania","42","38,025","307.0"
"Chlamydia","2005","Pennsylvania","42","37,261","300.1"
"Chlamydia","2006","Pennsylvania","42","39,487","316.7"
"Chlamydia","2007","Pennsylvania","42","42,469","339.3"
"Chlamydia","2020 (COVID-19 Pandemic)","Pennsylvania","42","52,272","402.0"
"Chlamydia","2021","Pennsylvania","42","53,124","409.8"
"Chlamydia","2000","Rhode Island","44","2,632","250.5"
"Chlamydia","2001","Rhode Island","44","2,912","275.3"
"Chlamydia","2002","Rhode Island","44","2,832","265.4"
"Chlamydia","2003","Rhode Island","44","3,000","279.7"
"Chlamydia","2004","Rhode Island","44","3,442","319.9"
"Chlamydia","2005","Rhode Island","44","3,269","305.7"
"Chlamydia","2006","Rhode Island","44","3,142","295.2"
"Chlamydia","2007","Rhode Island","44","3,177","299.8"
"Chlamydia","2020 (COVID-19 Pandemic)","Rhode Island","44","4,714","429.6"
"Chlamydia","2021","Rhode Island","44","5,199","474.5"
"Chlamydia","2000","South Carolina","45","9,950","247.3"
"Chlamydia","2001","South Carolina","45","15,329","377.3"
"Chlamydia","2002","South Carolina","45","14,314","348.9"
"Chlamydia","2003","South Carolina","45","14,623","353.1"
"Chlamydia","2004","South Carolina","45","18,423","439.0"
"Chlamydia","2005","South Carolina","45","18,296","430.4"
"Chlamydia","2006","South Carolina","45","22,351","515.7"
"Chlamydia","2007","South Carolina","45","26,431","598.4"
"Chlamydia","2020 (COVID-19 Pandemic)","South Carolina","45","34,118","666.6"
"Chlamydia","2021","South Carolina","45","36,477","702.7"
"Chlamydia","2000","South Dakota","46","1,834","242.7"
"Chlamydia","2001","South Dakota","46","1,821","240.0"
"Chlamydia","2002","South Dakota","46","2,215","290.8"
"Chlamydia","2003","South Dakota","46","2,608","340.5"
"Chlamydia","2004","South Dakota","46","2,532","327.5"
"Chlamydia","2005","South Dakota","46","2,701","346.8"
"Chlamydia","2006","South Dakota","46","2,633","334.6"
"Chlamydia","2007","South Dakota","46","2,620","329.3"
"Chlamydia","2020 (COVID-19 Pandemic)","South Dakota","46","4,044","456.1"
"Chlamydia","2021","South Dakota","46","4,853","542.0"
"Chlamydia","2000","Tennessee","47","15,068","264.2"
"Chlamydia","2001","Tennessee","47","15,560","270.4"
"Chlamydia","2002","Tennessee","47","16,042","276.5"
"Chlamydia","2003","Tennessee","47","20,380","348.0"
"Chlamydia","2004","Tennessee","47","22,515","380.4"
"Chlamydia","2005","Tennessee","47","23,084","384.9"
"Chlamydia","2006","Tennessee","47","25,320","415.7"
"Chlamydia","2007","Tennessee","47","26,866","435.2"
"Chlamydia","2020 (COVID-19 Pandemic)","Tennessee","47","37,907","548.5"
"Chlamydia","2021","Tennessee","47","39,227","562.4"
"Chlamydia","2000","Texas","48","68,814","328.5"
"Chlamydia","2001","Texas","48","69,752","327.0"
"Chlamydia","2002","Texas","48","69,521","320.3"
"Chlamydia","2003","Texas","48","69,200","313.9"
"Chlamydia","2004","Texas","48","70,232","313.4"
"Chlamydia","2005","Texas","48","71,860","315.3"
"Chlamydia","2006","Texas","48","75,543","323.4"
"Chlamydia","2007","Texas","48","85,786","360.1"
"Chlamydia","2020 (COVID-19 Pandemic)","Texas","48","135,124","463.6"
"Chlamydia","2021","Texas","48","149,636","506.8"
"Chlamydia","2000","Utah","49","2,190","97.6"
"Chlamydia","2001","Utah","49","3,004","131.1"
"Chlamydia","2002","Utah","49","3,540","151.6"
"Chlamydia","2003","Utah","49","3,893","163.7"
"Chlamydia","2004","Utah","49","3,857","158.2"
"Chlamydia","2005","Utah","49","4,602","184.2"
"Chlamydia","2006","Utah","49","5,092","197.2"
"Chlamydia","2007","Utah","49","5,721","214.8"
"Chlamydia","2020 (COVID-19 Pandemic)","Utah","49","10,466","319.9"
"Chlamydia","2021","Utah","49","11,221","336.2"
"Chlamydia","2003","Vermont","50","1,060","171.9"
"Chlamydia","2004","Vermont","50","1,137","183.9"
"Chlamydia","2006","Vermont","50","1,191","192.1"
"Chlamydia","2007","Vermont","50","1,057","170.4"
"Chlamydia","2020 (COVID-19 Pandemic)","Vermont","50","1,117","173.7"
"Chlamydia","2021","Vermont","50","910","141.0"
"Chlamydia","2006","Virginia","51","24,087","315.5"
"Chlamydia","2007","Virginia","51","24,579","319.0"
"Chlamydia","2006","Washington","53","17,819","279.7"
"Chlamydia","2007","Washington","53","18,784","290.6"
"Chlamydia","2006","West Virginia","54","2,910","160.9"
"Chlamydia","2007","West Virginia","54","3,168","174.8"
"Chlamydia","2006","Wisconsin","55","20,190","362.4"
"Chlamydia","2007","Wisconsin","55","19,555","349.1"
"Chlamydia","2006","Wyoming","56","1,422","277.4"
"Chlamydia","2007","Wyoming","56","1,197","228.8"
"Chlamydia","2005","Vermont","50","957","154.7"
"Chlamydia","2002","Vermont","50","954","155.2"
"Chlamydia","2001","Vermont","50","638","104.3"
"Chlamydia","2000","Vermont","50","526","86.3"
"Chlamydia","2000","Virginia","51","15,352","216.1"
"Chlamydia","2001","Virginia","51","18,337","255.0"
"Chlamydia","2002","Virginia","51","18,518","254.5"
"Chlamydia","2003","Virginia","51","19,439","264.4"
"Chlamydia","2004","Virginia","51","21,635","290.2"
"Chlamydia","2005","Virginia","51","22,668","300.3"
"Chlamydia","2020 (COVID-19 Pandemic)","Virginia","51","40,965","474.6"
"Chlamydia","2021","Virginia","51","40,409","467.6"
"Chlamydia","2000","Washington","53","13,066","221.0"
"Chlamydia","2001","Washington","53","13,631","227.6"
"Chlamydia","2002","Washington","53","14,934","246.6"
"Chlamydia","2003","Washington","53","16,797","275.0"
"Chlamydia","2004","Washington","53","17,635","285.3"
"Chlamydia","2005","Washington","53","18,616","297.4"
"Chlamydia","2020 (COVID-19 Pandemic)","Washington","53","31,181","404.7"
"Chlamydia","2021","Washington","53","29,632","382.9"
"Chlamydia","2000","West Virginia","54","2,143","118.6"
"Chlamydia","2001","West Virginia","54","2,361","131.3"
"Chlamydia","2002","West Virginia","54","2,464","136.9"
"Chlamydia","2003","West Virginia","54","2,585","143.4"
"Chlamydia","2004","West Virginia","54","2,758","152.9"
"Chlamydia","2005","West Virginia","54","2,944","163.2"
"Chlamydia","2020 (COVID-19 Pandemic)","West Virginia","54","5,431","302.8"
"Chlamydia","2021","West Virginia","54","5,226","293.1"
"Chlamydia","2000","Wisconsin","55","16,365","304.5"
"Chlamydia","2001","Wisconsin","55","16,291","301.2"
"Chlamydia","2002","Wisconsin","55","17,000","312.1"
"Chlamydia","2003","Wisconsin","55","17,942","327.4"
"Chlamydia","2004","Wisconsin","55","19,217","348.6"
"Chlamydia","2005","Wisconsin","55","20,461","369.2"
"Chlamydia","2020 (COVID-19 Pandemic)","Wisconsin","55","26,564","450.7"
"Chlamydia","2021","Wisconsin","55","27,847","472.3"
"Chlamydia","2004","Wyoming","56","1,082","215.2"
"Chlamydia","2005","Wyoming","56","1,173","231.8"
"Chlamydia","2020 (COVID-19 Pandemic)","Wyoming","56","1,961","339.9"
"Chlamydia","2021","Wyoming","56","2,078","359.0"
"Chlamydia","2003","Wyoming","56","960","192.4"
"Chlamydia","2002","Wyoming","56","944","190.0"
"Chlamydia","2001","Wyoming","56","839","170.2"
"Chlamydia","2000","Wyoming","56","807","163.4"
